{"cameraMode":{"drawMode":0,"name":"Shaded","section":"Shading Mode"},"sceneLighting":false,"audioPlay":false,"sceneViewState":{"showFog":true,"showMaterialUpdate":false,"showSkybox":false,"showFlares":true,"showImageEffects":true,"showParticleSystems":true},"in2DMode":false,"pivot":{"x":0.8353585004806519,"y":-0.136788010597229,"z":1.545212745666504},"rotation":{"x":-0.0031466898508369924,"y":-0.995435893535614,"z":0.03677280619740486,"w":-0.09136214107275009},"size":0.43818241357803347,"orthographic":false}