{"cameraMode":{"drawMode":0,"name":"Shaded","section":"Shading Mode"},"sceneLighting":false,"audioPlay":false,"sceneViewState":{"showFog":true,"showMaterialUpdate":false,"showSkybox":false,"showFlares":true,"showImageEffects":true,"showParticleSystems":true},"in2DMode":false,"pivot":{"x":-0.0016388893127441407,"y":0.0749959945678711,"z":-0.018757343292236329},"rotation":{"x":0.10646343231201172,"y":0.8171984553337097,"z":-0.16014118492603303,"w":0.5433856844902039},"size":22.0,"orthographic":false}