{"cameraMode":{"drawMode":0,"name":"Shaded","section":"Shading Mode"},"sceneLighting":true,"audioPlay":false,"sceneViewState":{"showFog":true,"showMaterialUpdate":false,"showSkybox":true,"showFlares":true,"showImageEffects":true,"showParticleSystems":true},"in2DMode":false,"pivot":{"x":8.92794132232666,"y":-1.9388946294784547,"z":-0.3627706468105316},"rotation":{"x":0.040031548589468,"y":0.7175546884536743,"z":-0.03647183999419212,"w":0.6963977813720703},"size":12.42184829711914,"orthographic":false}